{
  "parts": 2,
  "order": "WESTERN",
  "male_firstname": [
      "Aaron", "Abdiel", "Abraham", "Aelbrecht", "Aelfric", "Ahmed", "Alatar", "Alex", "Alexander", "Ambrose", "Ameer", "Amos", "Apollo", "Archibald", "Asher", "Ashton", "Atreus", "Aziel", "Azrael", "Balthazar", "Balus", "Bartholomew", "Bastion", "Beaker", "Blaze", "Boblin", "Brand", "Bryce", "Cade", "Cadmus", "Caleb", "Calvin", "Caspar", "Caspian", "Cassius", "Christopher", "Cornelius", "Creed", "Damian", "Dante", "Darian", "Darius", "Darwin", "Demetrius", "Desmond", "Devin", "Dominic", "Dorian", "Drake", "Eidos", "Éliphas", "Emanuel", "Emerikol", "Ephraim", "Erasmus", "Erik", "Ezekiel", "Felipe", "Felix", "Florin", "Friedrich", "Furio", "Gabriel", "Gage", "Gen", "Gideon", "Gregor", "Grue", "Gwydion", "Heinric", "Hermes", "Horus", "Ian", "Ignacio", "Ignatio", "Imago", "Ingemar", "Isaac", "Jace", "Jamis", "Jasper", "Jaxx", "Jeffrey", "Jericho", "Jonathon", "Jules", "Kaleb", "Kane", "Kelvin", "Klaus", "Knute", "Lance", "Lancelot", "Lazarus", "Leonardo", "Leonidas", "Levin", "Lucas", "Lucian", "Magnus", "Malachai", "Marcus", "Markus", "Matthias", "Maximilian", "Menw", "Mustafa", "Nathan", "Nathaniel", "Nathos", "Newton", "Nicolas", "Oliver", "Omar", "Ondo", "Orion", "Otis", "Otto", "Pierce", "Pieter", "Puck", "Rain", "Ramzan", "Reginald", "Richard", "Roland", "Rowan", "Salvatore", "Samuel", "Santiago", "Schaffer", "Seamus", "Sebastian", "Sergio", "Shad", "Shaka", "Sigmund", "Simon", "Sirius", "Solomon", "Sunray", "Sylvain", "Taravarius", "Terwilliger", "Theodore", "Tim", "Tobias", "Tristan", "Ulric", "Uriah", "Vicente", "Victor", "Vincenzo", "Wolfgang", "Wystrin", "Xander", "Xavier", "Zachariah", "Zachary", "Zardim", "Zeke", "Abaris", "Ash", "Bandrous", "Banisher", "Blaize", "Blip", "Cameron", "Char", "Chroma", "Cypher", "Dire", "Dusty", "Ebon", "Echo", "Erg", "Explosivo", "Fae", "Flash", "Flint", "Flip", "Flit", "Flux", "Frost", "Gale", "Genesis", "Geo", "Gleam", "Glint", "Hex", "Hunter", "Icon", "Imp", "Iota", "Jean", "Jinx", "Kai", "Kodan", "Kris", "Master", "Micah", "Morden", "Morgan", "Mote", "Naxea", "Novice", "Nox", "Oggity", "Omen", "Pep", "Prism", "Raven", "Reese", "Reveus", "Riley", "Rue", "Rune", "Sable", "Sage", "Sasha", "Scout", "Shade", "Shirnas", "Shyfte", "Spark", "Star", "Storm", "Taverra", "Tempest", "Uru", "Vex", "Vir", "Wisp", "Wolf", "Zagrith", "Zathar"
   ],
  "female_firstname": [
      "Aaliyah", "Abigaël", "Abigail", "Addison", "Adeline", "Adrianna", "Aelken", "Agate", "Agnes", "Ailani", "Aleena", "Alessandra", "Alexis", "Alia", "Aliyah", "Amanda", "Amara", "Amber", "Amelia", "Amelie", "Amira", "Amora", "Anastasia", "Andromeda", "Angelica", "Anika", "Anna", "Annabella", "Ansley", "Anya", "April", "Aqua", "Arabella", "Arabelle", "Ariadne", "Ariel", "Artemis", "Ashlyn", "Aspen", "Astrid", "Athena", "August", "Aurora", "Avianna", "Aya", "Ayla", "Azalea", "Azora", "Bast", "Beatrice", "Becca", "Bella", "Bianca", "Braelynn", "Bria", "Briar", "Brooke", "Brynn", "Caelie", "Caitlynn", "Camilla", "Carmen", "Caroline", "Cassandra", "Cat", "Celeste", "Celine", "Chloe", "Christina", "Cindy", "Cinnabar", "Circe", "Clara", "Clarissa", "Cleo", "Coral", "Crystal", "Dahlia", "Dana", "Dani", "Daphne", "Daria", "Delilah", "Delina", "Demi", "Destiny", "Diana", "Dorothé", "Eleanor", "Eliana", "Eliza", "Elizabeth", "Elodie", "Elsa", "Elyse", "Ember", "Emilia", "Erin", "Esmerelda", "Eva", "Eve", "Everleigh", "Ezra", "Faris", "Faun", "Fay", "Faye", "Felicity", "Fentra", "Fiona", "Flora", "Freya", "Gabriella", "Gemma", "Glimmer", "Gloria", "Goshington", "Greta", "Gwendolyn", "Hannah", "Harmony", "Hattie", "Hazel", "Heidi", "Helena", "Héléna", "Iliana", "Ilodel", "Iris", "Isabelle", "Isis", "Isla", "Ismena", "Ivy", "Jacquiline", "Jade", "Jann", "Jasmine", "Jemma", "Jenna", "Jessica", "Jessree", "Jewel", "Joanna", "Jordyn", "Judith", "Julianna", "Julie", "June", "Juniper", "Kailani", "Kairi", "Kali", "Kamila", "Kara", "Karla", "Karsa", "Kate", "Katia", "Kaylin", "Kendra", "Kenna", "Kenzie", "Kimber", "Kira", "Kiva", "Klara", "Kyla", "Lana", "Laurel", "Leanna", "Lexi", "Lilian", "Lilith", "Lina", "Lise", "Liza", "Lorelei", "Luciana", "Luna", "Maci", "Madelynne", "Madison", "Maeve", "Maia", "Makenzie", "Maphre", "Mara", "Marcelle", "Maria", "Marietta", "Marissa", "Maryam", "Mathilda", "Mavis", "Maya", "Megan", "Meilani", "Melody", "Meredith", "Mikayla", "Millicent", "Mira", "Miranda", "Mya", "Myriad", "Nadia", "Naomi", "Natalie", "Nia", "Nicole", "Nola", "Norah", "Nova", "Octavia", "Olivia", "Opal", "Ophelia", "Ophélie", "Pearl", "Penelope", "Persephone", "Raelyn", "Raine", "Rebecca", "Remi", "Rosa", "Rosarita", "Roshni", "Ruby", "Sabrina", "Samantha", "Sapphire", "Sara", "Scarlet", "Scolastica", "Selene", "Serena", "Silvana", "Skye", "Sophia", "Stella", "Sunbeam", "Susan", "Sybil", "Teareese", "Tillian", "Umber", "Velma", "Vivian", "Vixen", "Wicker", "Yasmin", "Zara", "Zoe", "Zora", "Abaris", "Ash", "Bandrous", "Banisher", "Blaize", "Blip", "Cameron", "Char", "Chroma", "Cypher", "Dire", "Dusty", "Ebon", "Echo", "Erg", "Explosivo", "Fae", "Flash", "Flint", "Flip", "Flit", "Flux", "Frost", "Gale", "Genesis", "Geo", "Gleam", "Glint", "Hex", "Hunter", "Icon", "Imp", "Iota", "Jean", "Jinx", "Kai", "Kodan", "Kris", "Master", "Micah", "Morden", "Morgan", "Mote", "Naxea", "Novice", "Nox", "Oggity", "Omen", "Pep", "Prism", "Raven", "Reese", "Reveus", "Riley", "Rue", "Rune", "Sable", "Sage", "Sasha", "Scout", "Shade", "Shirnas", "Shyfte", "Spark", "Star", "Storm", "Taverra", "Tempest", "Uru", "Vex", "Vir", "Wisp", "Wolf", "Zagrith", "Zathar"
    ],
  "surnames": [
      "Aetherborne", "Albrecht", "Aldebourne", "Archersbane", "Arkalis", "Ascendant", "Ashcombe", "Aster", "Astra", "Autumnchill", "Averdeen", "Barkskin", "Battlecaster", "Beastfriend", "Bellamy", "Bentwand", "Blaire", "Blake", "Blazewing", "Blitzer", "Boggy", "Breezewhisper", "Briarheart", "Brightflame", "Brooks", "Burne", "Calisto", "Cascade", "Chandler", "Chaosborn", "Clerk", "Cloudhome", "Crafte", "Crane", "Crimson", "Diviner", "Dragonblood", "Dragonkin", "Dreamchaser", "Drescher", "Earthfriend", "Elffriend", "Elfwand", "Endwalker", "Etherholme", "Evendim", "Everglow", "Everlight", "Eversea", "Everwand", "Evoker", "Faerie-kin", "Farcaster", "Farseer", "Feymist", "Feywarden", "Feywilde", "Finch", "Flamehand", "Flamejumper", "Flametouched", "Fulminare", "Galewind", "Gemstaff", "Gentlecaster", "Glaciomancer", "Gladcaster", "Glimmercast", "Glitterbeam", "Gloaming", "Gloomwand", "Glyphscriber", "Gralion", "Grayson", "Greene", "Grove", "Guilegard", "Hearthflame", "Icebound", "Iceheart", "Icerider", "Icewing", "Impsbane", "Imptamer", "Inkfingers", "Irongrip", "Ivybinder", "Keaton", "Kestrel", "Landbound", "Leafmage", "Leblanc", "Lux", "Mageblessed", "Mageblood", "Magicblende", "Magician", "Majicker", "Manawell", "Mistwalker", "Mitnacht", "Mockraven", "Moonchilde", "Moonseeker", "Moontouched", "Netherchilde", "Nightwind", "Nocturne", "Oathbound", "of the First Ward", "of the Invisible Sun", "of the Second Ward", "of the Secret Sign", "of the Third Ward", "Oneiromancer", "Paxton", "Planewalker", "Praxis", "Princeton", "Pyromancer", "Quakecalmer", "Quickling", "Quickspell", "Quickwing", "Rainshadow", "Redcap", "Reefborn", "Rivers", "Runebearer", "Runescriber", "Scarborough", "Scriptor", "Scrivener", "Shackleton", "Shadizar", "Shadowbane", "Shadowdancer", "Shadowwalker", "Shaw", "Shieldbreaker", "Smokedweller", "Smythe", "Snowglare", "Sorrowspell", "Sparkflower", "Spellbinder", "Spellbloom", "Spellbrewer", "Spellmelder", "Spellscar", "Spellshield", "Spellsmith", "Spellsword", "Spellwright", "Springrain", "Staffwright", "Starchaser", "Starling", "Starspell", "Startouched", "Stealspell", "Stonecaster", "Stonefriend", "Stormbringer", "Stormcaller", "Stormchild", "Stormcloud", "Stormherd", "Stormwielder", "Stratus", "Summerbreeze", "Surewand", "Susurrus", "Swiftbroom", "Swordbreaker", "the Abjurer", "the Adept", "the Apprentice", "the Aquamancer", "the Arcanist", "the Archmage", "the Arithmancer", "the Artificer", "the Black", "the Blue", "the Bold", "the Candlemage", "the Collectivist", "the Competent", "the Conjurer", "the Cryomancer", "the Dark", "the Didact", "the Elder", "the Electromancer", "the Empath", "the Fast", "the Fated", "the Fey", "the Fulgurmancer", "the Generous", "the Geomancer", "the Graven", "the Great", "the Green", "the Grey", "the Guildmage", "the Hearty", "the Hexer", "the High Elder", "the Highmage", "the Humble", "the Illusionist", "the Indigo", "the Initiate", "the Invoker", "the Journeymage", "the Learned", "the Light", "the Loud", "the Magister", "the Magnificent", "the Mystic", "the Namer", "the Numerologist", "the Obscure", "the Orator", "the Pale", "the Professor", "the Pure", "the Rash", "the Red", "the Riftjumper", "the Scryer", "the Shining", "the Skilled", "the Sorceror", "the Spellcaller", "the Stalwart", "the Summoner", "the Vast", "the Violet", "the Visitant", "the Warder", "the White", "the Wildmage", "the Wise", "the Wondrous", "Theradax", "Thunderholme", "Tomecrafter", "Triskelion", "Typhon", "Vabinsky", "Vance", "Veilheart", "vonCleeve", "Wandwright", "Wavestrider", "Weaver", "Westerly", "Whisper", "Wildblood", "Wilde", "Windwalker", "Winter", "Winterdark", "Wisdomseeker", "Wonderborn", "Woods", "Wyrmtouched", "Ziro"
    ]
}