{
  "type" : "recipe",
  "crafter": "blacksmith_crafting",
  "inputs": [
    {
        "item" : "minecraft:golden_helmet",
        "count": 1
    },
    {
        "item" : "minecraft:glass_bottle",
        "count": 3
    },
    {
        "item" : "ars_nouveau:source_gem",
        "count": 8
    }
  ],
  "result": "ars_nouveau:alchemists_crown",
  "count": 1,
  "intermediate" : "minecraft:air",
  "research-id": "archwoodcollective:arsnouveau/arscraftingrecipes",
  "min-building-level": 3
}