{
  "type" : "recipe",
  "crafter": "fletcher_crafting",
  "inputs": [
    {
        "item" : "minecraft:iron_boots",
        "count": 1
    },
    {
        "item" : "ars_nouveau:magebloom_fiber",
        "count": 4
    },
    {
        "item" : "ars_nouveau:source_gem",
        "count": 8
    }
  ],
  "result": "ars_nouveau:apprentice_boots",
  "count": 1,
  "intermediate" : "minecraft:air",
  "research-id": "archwoodcollective:arsnouveau/arscraftingrecipes",
  "min-building-level": 3
}