{
  "type" : "recipe",
  "crafter": "mechanic_crafting",
  "inputs": [
    {
        "item" : "minecraft:stick",
        "count": 1
    },
    {
        "item" : "minecraft:gold_ingot",
        "count": 1
    },
    {
        "item" : "ars_nouveau:source_gem",
        "count": 10
    }
  ],
  "result": "ars_nouveau:dominion_wand",
  "count": 1,
  "intermediate" : "minecraft:air",
  "research-id": "archwoodcollective:arsnouveau/arscraftingrecipes",
  "min-building-level": 2
}