{
  "type" : "recipe",
  "crafter": "blacksmith_crafting",
  "inputs": [
    {
        "item" : "minecraft:diamond_sword",
        "count": 1
    },
    {
        "item" : "minecraft:gold_block",
        "count": 2
    },
    {
        "item" : "minecraft:diamond",
        "count": 1
    },
    {
        "item" : "ars_nouveau:source_gem",
        "count": 8
    },
    {
        "item" : "ars_nouveau:source_gem_block",
        "count": 2
    }
  ],
  "result": "ars_nouveau:enchanters_sword",
  "count": 1,
  "intermediate" : "minecraft:air",
  "research-id": "archwoodcollective:arsnouveau/arscraftingrecipes",
  "min-building-level": 4
}