{
  "type" : "recipe",
  "crafter": "mechanic_crafting",
  "inputs": [
    {
        "item" : "minecraft:glass",
        "count": 2
    },
    {
        "item" : "minecraft:gold_ingot",
        "count": 2
    },
    {
        "item" : "ars_nouveau:purple_archwood_log",
        "count": 2
    },
    {
        "item" : "ars_nouveau:manipulation_essence",
        "count": 8
    },
    {
        "item" : "ars_nouveau:source_gem",
        "count": 8
    },
    {
        "item" : "ars_nouveau:source_gem_block",
        "count": 1
    }
  ],
  "result": "ars_nouveau:enchanters_mirror",
  "count": 1,
  "intermediate" : "minecraft:air",
  "research-id": "archwoodcollective:arsnouveau/arscraftingrecipes",
  "min-building-level": 3
}