{
  "type" : "recipe",
  "crafter": "blacksmith_crafting",
  "inputs": [
    {
        "item" : "minecraft:shield",
        "count": 1
    },
    {
        "item" : "minecraft:gold_block",
        "count": 2
    },
    {
        "item" : "ars_nouveau:source_gem_block",
        "count": 2
    },
    {
        "item" : "ars_nouveau:source_gem",
        "count": 8
    }
  ],
  "result": "ars_nouveau:enchanters_shield",
  "count": 1,
  "intermediate" : "minecraft:air",
  "research-id": "archwoodcollective:arsnouveau/arscraftingrecipes",
  "min-building-level": 3
}