{
  "type" : "recipe",
  "crafter": "glassblower_crafting",
  "inputs": [
    {
        "item" : "minecraft:glowstone",
        "count": 4
    },
    {
        "item" : "minecraft:glass",
        "count": 2
    },
    {
        "item" : "minecraft:glass_bottle",
        "count": 1
    },
    {
        "item" : "ars_nouveau:source_gem",
        "count": 8
    },
    {
        "item" : "minecraft:redstone_lamp",
        "count": 2
    }
  ],
  "result": "ars_nouveau:jar_of_light",
  "count": 1,
  "intermediate" : "minecraft:air",
  "research-id": "archwoodcollective:arsnouveau/arscraftingrecipes",
  "min-building-level": 2
}