{
  "type" : "recipe",
  "crafter": "blacksmith_crafting",
  "inputs": [
    {
        "item" : "ars_nouveau:splash_flask_cannon",
        "count": 1
    },
    {
        "item" : "minecraft:dragon_breath",
        "count": 1
    },
    {
        "item" : "ars_nouveau:air_essence",
        "count": 2
    },
    {
        "item" : "ars_nouveau:source_gem",
        "count": 8
    }
  ],
  "result": "ars_nouveau:lingering_flask_cannon",
  "count": 1,
  "intermediate" : "minecraft:air",
  "research-id": "archwoodcollective:arsnouveau/arscraftingrecipes",
  "min-building-level": 4
}