{
  "type" : "recipe",
  "crafter": "mechanic_crafting",
  "inputs": [
    {
        "item" : "minecraft:campfire",
        "count": 1
    },
    {
        "item" : "minecraft:gold_ingot",
        "count": 3
    },
    {
        "item" : "ars_nouveau:source_gem",
        "count": 8
    },
    {
        "item" : "ars_nouveau:archwood_planks",
        "count": 3
    }
  ],
  "result": "ars_nouveau:potion_diffuser",
  "count": 1,
  "intermediate" : "minecraft:air",
  "research-id": "archwoodcollective:arsnouveau/arscraftingrecipes",
  "min-building-level": 3
}