{
  "type" : "recipe",
  "crafter": "mechanic_crafting",
  "inputs": [
    {
        "item" : "minecraft:popped_chorus_fruit",
        "count": 4
    },
    {
        "item" : "minecraft:ender_pearl",
        "count": 4
    },
    {
        "item" : "ars_nouveau:relay",
        "count": 1
    },
    {
        "item" : "ars_nouveau:source_gem",
        "count": 8
    }
  ],
  "result": "ars_nouveau:relay_warp",
  "count": 1,
  "intermediate" : "minecraft:air",
  "research-id": "archwoodcollective:arsnouveau/arscraftingrecipes",
  "min-building-level": 2
}