{
  "type" : "recipe",
  "crafter": "mechanic_crafting",
  "inputs": [
    {
        "item" : "minecraft:observer",
        "count": 1
    },
    {
        "item" : "minecraft:diamond",
        "count": 1
    },
    {
        "item" : "minecraft:ender_eye",
        "count": 1
    },
    {
        "item" : "minecraft:spyglass",
        "count": 1
    },
    {
        "item" : "ars_nouveau:source_gem",
        "count": 8
    },
    {
        "item" : "ars_nouveau:source_gem_block",
        "count": 1
    }
  ],
  "result": "ars_nouveau:scryers_oculus",
  "count": 1,
  "intermediate" : "minecraft:air",
  "research-id": "archwoodcollective:arsnouveau/arscraftingrecipes",
  "min-building-level": 3
}