{
  "type" : "recipe",
  "crafter": "fletcher_crafting",
  "inputs": [
    {
        "item" : "minecraft:gold_block",
        "count": 1
    },
    {
        "item" : "minecraft:bow",
        "count": 1
    },
    {
        "item" : "ars_nouveau:source_gem_block",
        "count": 1
    },
    {
        "item" : "ars_nouveau:source_gem",
        "count": 8
    },
    {
        "item" : "ars_nouveau:manipulation_essence",
        "count": 1
    }
  ],
  "result": "ars_nouveau:spell_bow",
  "count": 1,
  "intermediate" : "minecraft:air",
  "research-id": "archwoodcollective:arsnouveau/arscraftingrecipes",
  "min-building-level": 2
}