{
  "type" : "recipe",
  "crafter": "mechanic_crafting",
  "inputs": [
    {
        "item" : "minecraft:blaze_rod",
        "count": 2
    },
    {
        "item" : "ars_nouveau:basic_spell_turret",
        "count": 1
    },
    {
        "item" : "ars_nouveau:source_gem",
        "count": 8
    },
    {
        "item" : "ars_nouveau:source_gem_block",
        "count": 1
    }
  ],
  "result": "ars_nouveau:spell_turret",
  "count": 1,
  "intermediate" : "minecraft:air",
  "research-id": "archwoodcollective:arsnouveau/arscraftingrecipes",
  "min-building-level": 2
}