{
  "type" : "recipe",
  "crafter": "blacksmith_crafting",
  "inputs": [
    {
        "item" : "minecraft:dispenser",
        "count": 1
    },
    {
        "item" : "minecraft:gold_ingot",
        "count": 2
    },
    {
        "item" : "minecraft:blaze_rod",
        "count": 2
    },
    {
        "item" : "minecraft:gunpowder",
        "count": 4
    },
    {
        "item" : "ars_nouveau:source_gem",
        "count": 8
    }
  ],
  "result": "ars_nouveau:splash_flask_cannon",
  "count": 1,
  "intermediate" : "minecraft:air",
  "research-id": "archwoodcollective:arsnouveau/arscraftingrecipes",
  "min-building-level": 4
}