{
  "type" : "recipe",
  "crafter": "fletcher_crafting",
  "inputs": [
    {
        "item" : "minecraft:arrow",
        "count": 1
    },
    {
        "item" : "ars_nouveau:wilden_horn",
        "count": 1
    },
    {
        "item" : "ars_nouveau:source_gem_block",
        "count": 1
    },
    {
        "item" : "ars_nouveau:source_gem",
        "count": 8
    },
    {
        "item" : "ars_nouveau:air_essence",
        "count": 1
    }
  ],
  "result": "ars_nouveau:split_arrow",
  "count": 32,
  "intermediate" : "minecraft:air",
  "research-id": "archwoodcollective:arsnouveau/arscraftingrecipes",
  "min-building-level": 2
}