{
  "type" : "recipe",
  "crafter": "glassblower_crafting",
  "inputs": [
    {
        "item" : "minecraft:lava_bucket",
        "count": 1
    },
    {
        "item" : "minecraft:bucket",
        "count": 1
    },
    {
        "item" : "minecraft:glass_bottle",
        "count": 1
    },
    {
        "item" : "ars_nouveau:source_gem",
        "count": 8
    },
    {
        "item" : "minecraft:ender_pearl",
        "count": 1
    },
    {
        "item" : "ars_nouveau:allow_scroll",
        "count": 1
    }
  ],
  "result": "ars_nouveau:void_jar",
  "count": 1,
  "intermediate" : "minecraft:air",
  "research-id": "archwoodcollective:arsnouveau/arscraftingrecipes",
  "min-building-level": 2
}