{
  "type" : "recipe",
  "crafter": "mechanic_crafting",
  "inputs": [
    {
        "item" : "minecraft:manipulation_essence",
        "count": 1
    },
    {
        "item" : "ars_nouveau:red_archwood_log",
        "count": 1
    },
    {
        "item" : "ars_nouveau:source_gem",
        "count": 8
    },
    {
        "item" : "minecraft:gold_ingot",
        "count": 2
    },
    {
        "item" : "ars_nouveau:air_essence",
        "count": 1
    }
  ],
  "result": "ars_nouveau:wand",
  "count": 1,
  "intermediate" : "minecraft:air",
  "research-id": "archwoodcollective:arsnouveau/arscraftingrecipes",
  "min-building-level": 2
}